{"languages": null, "filetype": "pdf", "pdf_toc": [], "pages": 60, "ocr_stats": {"ocr_pages": 3, "ocr_failed": 0, "ocr_success": 3, "ocr_engine": "surya"}, "block_stats": {"header_footer": 0, "code": 0, "table": 5, "equations": {"successful_ocr": 0, "unsuccessful_ocr": 0, "equations": 0}}, "computed_toc": [{"title": "Core Rules", "level": 1, "page": 0}, {"title": "Introduction", "level": 1, "page": 2}, {"title": "CORE CONCEPTS (PG 5-9)", "level": 2, "page": 3}, {"title": "DETERMINING VISIBILITY\nWarhammer 40,000 uses true line of sight to determine visibility between models. To check this, get a 'model's ", "level": 4, "page": 3}, {"title": "THE BATTLE ROUND (PG 10-36)", "level": 2, "page": 3}, {"title": "UNIT VISIBLE\nIf one or more models in a unit is \nvisible to the observing model, then \nthat model's unit is visible to the \nobserving model. ", "level": 4, "page": 3}, {"title": "DATASHEETS AND UNIT \nABILITIES (PG 37-39)", "level": 2, "page": 3}, {"title": "has line of sight to all parts of the \nother model that are facing it, \nwithout any other models or terrain \nfeatures blocking visibility to any of \nthose parts. \nUNIT FULLY VISIBLE", "level": 4, "page": 3}, {"title": "STRATEGIC RESERVES AND \nSTRATAGEMS (PG 41-43)", "level": 2, "page": 3}, {"title": "unit it is observing.", "level": 4, "page": 3}, {"title": "TERRAIN FEATURES (PG 44-52)", "level": 2, "page": 3}, {"title": "\u25a0 Unit Fully Visible: If \nevery model in a unit is \nfully visible, that unit is ", "level": 4, "page": 3}, {"title": "MUSTER YOUR ARMY (PG 55-56)", "level": 2, "page": 3}, {"title": "5", "level": 4, "page": 3}, {"title": "MISSIONS (PG 57-60)", "level": 2, "page": 3}, {"title": "ABILITIES", "level": 4, "page": 3}, {"title": "the observing model. ", "level": 4, "page": 3}, {"title": "DATASHEETS", "level": 4, "page": 3}, {"title": "seen, it is fully visible.", "level": 4, "page": 3}, {"title": "Unit Fully Visible", "level": 4, "page": 3}, {"title": "MISSIONS", "level": 4, "page": 3}, {"title": "HINTS AND TIPS", "level": 4, "page": 3}, {"title": "SUMMARIES", "level": 4, "page": 3}, {"title": "The rules you will need to use your models in games are \npresented on datasheets. Each unit has a datasheet; ", "level": 4, "page": 3}, {"title": "PAGE NUMBERS", "level": 4, "page": 3}, {"title": "CORE CONCEPTS", "level": 2, "page": 4}, {"title": "MISSIONS", "level": 2, "page": 4}, {"title": "ARMIES", "level": 2, "page": 4}, {"title": "UNITS", "level": 4, "page": 4}, {"title": "DATASHEETS", "level": 4, "page": 4}, {"title": "KEYWORDS ", "level": 4, "page": 4}, {"title": "UNIT COHERENCY", "level": 4, "page": 5}, {"title": "Hints and Tips\nWOBBLY MODELS", "level": 4, "page": 6}, {"title": "ENGAGEMENT RANGE", "level": 4, "page": 6}, {"title": "BATTLEFIELD", "level": 2, "page": 6}, {"title": "TERRAIN FEATURES", "level": 4, "page": 6}, {"title": "MEASURING DISTANCES", "level": 2, "page": 6}, {"title": "DETERMINING VISIBILITY", "level": 2, "page": 7}, {"title": "MODEL VISIBLE", "level": 4, "page": 7}, {"title": "UNIT VISIBLE", "level": 4, "page": 7}, {"title": "MODEL FULLY VISIBLE", "level": 4, "page": 7}, {"title": "UNIT FULLY VISIBLE", "level": 4, "page": 7}, {"title": "Hints and Tips\n\n![8_image_0.png](8_image_0.png)\n\n\nDICE ROLLING", "level": 4, "page": 8}, {"title": "DICE", "level": 2, "page": 8}, {"title": "RE-ROLLS", "level": 4, "page": 8}, {"title": "ROLL-OFFS", "level": 4, "page": 8}, {"title": "SEQUENCING", "level": 2, "page": 8}, {"title": "THE BATTLE ROUND", "level": 2, "page": 9}, {"title": "MOVEMENT PHASE", "level": 2, "page": 9}, {"title": "COMMAND PHASE", "level": 2, "page": 10}, {"title": "1. COMMAND", "level": 2, "page": 10}, {"title": "2. BATTLE-SHOCK", "level": 2, "page": 10}, {"title": "STARTING STRENGTH", "level": 4, "page": 11}, {"title": "BELOW HALF-STRENGTH", "level": 4, "page": 11}, {"title": "DESTROYED", "level": 4, "page": 11}, {"title": "ATTACHED UNITS", "level": 4, "page": 11}, {"title": "MOVEMENT PHASE ", "level": 2, "page": 12}, {"title": "1. MOVE UNITS", "level": 2, "page": 12}, {"title": "REMAIN STATIONARY", "level": 4, "page": 12}, {"title": "NORMAL MOVES", "level": 4, "page": 12}, {"title": "ADVANCE MOVES", "level": 4, "page": 13}, {"title": "FALL BACK MOVES", "level": 4, "page": 13}, {"title": "Desperate Escape Tests", "level": 4, "page": 13}, {"title": "MOVING OVER TERRAIN", "level": 4, "page": 14}, {"title": "FLYING", "level": 4, "page": 14}, {"title": "2. REINFORCEMENTS", "level": 2, "page": 15}, {"title": "TRANSPORTS", "level": 2, "page": 16}, {"title": "TRANSPORT CAPACITY ", "level": 4, "page": 16}, {"title": "FIRING DECK\n\n![16_image_0.png](16_image_0.png)\n\n", "level": 4, "page": 16}, {"title": "EMBARK", "level": 4, "page": 16}, {"title": "DISEMBARK ", "level": 4, "page": 16}, {"title": "DESTROYED TRANSPORTS", "level": 4, "page": 17}, {"title": "Emergency Disembarkation", "level": 4, "page": 17}, {"title": "SHOOTING PHASE ", "level": 2, "page": 18}, {"title": "SELECT TARGETS", "level": 4, "page": 18}, {"title": "LONE OPERATIVE", "level": 4, "page": 18}, {"title": "MAKE RANGED ATTACKS", "level": 4, "page": 19}, {"title": "Locked in Combat", "level": 4, "page": 19}, {"title": "STEALTH\n\n![19_image_3.png](19_image_3.png)\n\n", "level": 4, "page": 19}, {"title": "BIG GUNS NEVER TIRE\n\n![19_image_0.png](19_image_0.png)\n\n\n\n![19_image_2.png](19_image_2.png)\n\n", "level": 4, "page": 19}, {"title": "MAKING ATTACKS", "level": 2, "page": 20}, {"title": "1. HIT ROLL", "level": 2, "page": 20}, {"title": "2. WOUND ROLL", "level": 2, "page": 20}, {"title": "1", "level": 4, "page": 20}, {"title": "2", "level": 4, "page": 20}, {"title": "4", "level": 4, "page": 20}, {"title": "3. ALLOCATE ATTACK", "level": 2, "page": 21}, {"title": "4. SAVING THROW", "level": 2, "page": 21}, {"title": "INVULNERABLE SAVES\n\n![21_image_1.png](21_image_1.png)\n\n", "level": 4, "page": 21}, {"title": "MORTAL WOUNDS\n\n![22_image_0.png](22_image_0.png)\n\n\n\n![22_image_1.png](22_image_1.png)\n\n", "level": 4, "page": 22}, {"title": "5. INFLICT DAMAGE", "level": 2, "page": 22}, {"title": "FEEL NO PAIN", "level": 4, "page": 22}, {"title": "DEADLY DEMISE", "level": 4, "page": 22}, {"title": "Hints and Tips\n\n![23_image_0.png](23_image_0.png)\n\n\nFAST DICE ROLLING", "level": 4, "page": 23}, {"title": "WEAPON ABILITIES", "level": 2, "page": 24}, {"title": "ASSAULT", "level": 4, "page": 24}, {"title": "PISTOL", "level": 4, "page": 24}, {"title": "RAPID FIRE", "level": 4, "page": 24}, {"title": "IGNORES COVER", "level": 4, "page": 24}, {"title": "TWIN-LINKED", "level": 4, "page": 24}, {"title": "TORRENT", "level": 4, "page": 24}, {"title": "LETHAL HITS", "level": 4, "page": 24}, {"title": "LANCE", "level": 4, "page": 24}, {"title": "INDIRECT FIRE", "level": 4, "page": 25}, {"title": "PRECISION", "level": 4, "page": 25}, {"title": "BLAST ", "level": 4, "page": 25}, {"title": "MELTA", "level": 4, "page": 25}, {"title": "HEAVY", "level": 4, "page": 25}, {"title": "HAZARDOUS", "level": 4, "page": 27}, {"title": "DEVASTATING WOUNDS", "level": 4, "page": 27}, {"title": "SUSTAINED HITS", "level": 4, "page": 27}, {"title": "EXTRA ATTACKS", "level": 4, "page": 27}, {"title": "ANTI", "level": 4, "page": 27}, {"title": "CHARGE PHASE ", "level": 2, "page": 28}, {"title": "CHARGE BONUS", "level": 4, "page": 28}, {"title": "CHARGING WITH A UNIT", "level": 4, "page": 28}, {"title": "CHARGING OVER TERRAIN", "level": 4, "page": 29}, {"title": "CHARGING WITH FLYING MODELS", "level": 4, "page": 29}, {"title": "FIGHT PHASE ", "level": 2, "page": 31}, {"title": "1. FIGHTS FIRST", "level": 2, "page": 31}, {"title": "FIGHTS FIRST\n\n![31_image_3.png](31_image_3.png)\n\n", "level": 4, "page": 31}, {"title": "2. REMAINING COMBATS", "level": 2, "page": 31}, {"title": "FIGHT", "level": 2, "page": 32}, {"title": "1. PILE IN", "level": 2, "page": 32}, {"title": "2. MAKE MELEE ATTACKS", "level": 2, "page": 32}, {"title": "WHICH MODELS FIGHT", "level": 4, "page": 32}, {"title": "SELECT WEAPON", "level": 4, "page": 32}, {"title": "SELECT TARGETS", "level": 4, "page": 33}, {"title": "MAKE ATTACKS", "level": 4, "page": 33}, {"title": "3. CONSOLIDATE", "level": 2, "page": 34}, {"title": "DATASHEETS", "level": 2, "page": 36}, {"title": "3 ABILITIES\n\n![37_image_4.png](37_image_4.png)\n\n", "level": 4, "page": 37}, {"title": "5 KEYWORDS\n\n![37_image_3.png](37_image_3.png)\n\n", "level": 4, "page": 37}, {"title": "6 UNIT COMPOSITION \n\n![37_image_5.png](37_image_5.png)\n\n\nAND OTHER RULES", "level": 4, "page": 37}, {"title": "7 WARGEAR OPTIONS\n\n![37_image_6.png](37_image_6.png)\n\n", "level": 4, "page": 37}, {"title": "LEADERSHIP TESTS", "level": 4, "page": 37}, {"title": "RANDOM CHARACTERISTICS", "level": 4, "page": 37}, {"title": "AURA ABILITIES", "level": 4, "page": 37}, {"title": "PSYCHIC WEAPONS \nAND ABILITIES", "level": 4, "page": 37}, {"title": "DEPLOYMENT ABILITIES", "level": 2, "page": 38}, {"title": "DEEP STRIKE\n\n![38_image_0.png](38_image_0.png)\n\n", "level": 4, "page": 38}, {"title": "SCOUTS\n\n![38_image_2.png](38_image_2.png)\n\n", "level": 4, "page": 38}, {"title": "INFILTRATORS", "level": 4, "page": 38}, {"title": "LEADER\n\n![38_image_1.png](38_image_1.png)\n\n", "level": 4, "page": 38}, {"title": "STRATAGEMS", "level": 2, "page": 40}, {"title": "STRATAGEMS KEY", "level": 4, "page": 40}, {"title": "STRATAGEM CATEGORIES", "level": 4, "page": 40}, {"title": "COMMAND RE-ROLL\n\n![40_image_0.png](40_image_0.png)\n\n", "level": 4, "page": 40}, {"title": "COUNTER-OFFENSIVE", "level": 4, "page": 40}, {"title": "EPIC CHALLENGE", "level": 4, "page": 40}, {"title": "INSANE BRAVERY", "level": 4, "page": 41}, {"title": "GRENADE", "level": 4, "page": 41}, {"title": "TANK SHOCK", "level": 4, "page": 41}, {"title": "RAPID INGRESS", "level": 4, "page": 41}, {"title": "FIRE OVERWATCH", "level": 4, "page": 41}, {"title": "GO TO GROUND", "level": 4, "page": 41}, {"title": "SMOKESCREEN", "level": 4, "page": 41}, {"title": "HEROIC INTERVENTION", "level": 4, "page": 41}, {"title": "STRATEGIC RESERVES", "level": 2, "page": 42}, {"title": "PLACING UNITS INTO \nSTRATEGIC RESERVES", "level": 4, "page": 42}, {"title": "ARRIVING FROM STRATEGIC RESERVES", "level": 4, "page": 42}, {"title": "SETTING UP STRATEGIC \nRESERVES UNITS", "level": 4, "page": 42}, {"title": "TERRAIN FEATURES", "level": 2, "page": 43}, {"title": "BENEFIT OF COVER", "level": 2, "page": 43}, {"title": "CRATERS AND RUBBLE", "level": 3, "page": 44}, {"title": "MOVEMENT\n\n![44_image_0.png](44_image_0.png)\n\n", "level": 4, "page": 44}, {"title": "VISIBILITY", "level": 4, "page": 44}, {"title": "BENEFIT OF COVER", "level": 4, "page": 44}, {"title": "BARRICADES AND FUEL PIPES ", "level": 3, "page": 44}, {"title": "MOVEMENT\n\n![44_image_1.png](44_image_1.png)\n\n", "level": 4, "page": 44}, {"title": "VISIBILITY", "level": 4, "page": 44}, {"title": "ENGAGEMENT RANGE", "level": 4, "page": 44}, {"title": "BENEFIT OF COVER", "level": 4, "page": 44}, {"title": "BATTLEFIELD DEBRIS AND STATUARY", "level": 3, "page": 45}, {"title": "MOVEMENT", "level": 4, "page": 45}, {"title": "VISIBILITY", "level": 4, "page": 45}, {"title": "BENEFIT OF COVER", "level": 4, "page": 45}, {"title": "HILLS, INDUSTRIAL STRUCTURES, SEALED BUILDINGS \nAND ARMOURED CONTAINERS", "level": 3, "page": 45}, {"title": "MOVEMENT", "level": 4, "page": 45}, {"title": "VISIBILITY", "level": 4, "page": 45}, {"title": "BENEFIT OF COVER", "level": 4, "page": 45}, {"title": "WOODS", "level": 3, "page": 46}, {"title": "FOOTPRINT", "level": 4, "page": 46}, {"title": "VISIBILITY ", "level": 4, "page": 46}, {"title": "MOVEMENT", "level": 4, "page": 46}, {"title": "BENEFIT OF COVER", "level": 4, "page": 46}, {"title": "RUINS", "level": 3, "page": 47}, {"title": "FOOTPRINT", "level": 4, "page": 47}, {"title": "PLUNGING FIRE", "level": 4, "page": 47}, {"title": "MOVEMENT", "level": 4, "page": 47}, {"title": "VISIBILITY ", "level": 4, "page": 47}, {"title": "BENEFIT OF COVER", "level": 4, "page": 47}, {"title": "EXAMPLE BATTLEFIELDS", "level": 2, "page": 48}, {"title": "AIRCRAFT", "level": 2, "page": 52}, {"title": "DEPLOYING AIRCRAFT", "level": 4, "page": 52}, {"title": "HOVER", "level": 4, "page": 52}, {"title": "AIRCRAFT IN THE MOVEMENT PHASE", "level": 4, "page": 52}, {"title": "AIRCRAFT AND THE MOVEMENT OF \nOTHER MODELS", "level": 4, "page": 53}, {"title": "AIRCRAFT IN THE CHARGE \nAND FIGHT PHASES", "level": 4, "page": 53}, {"title": "MUSTER YOUR ARMY", "level": 2, "page": 54}, {"title": "INCURSION", "level": 4, "page": 54}, {"title": "STRIKE FORCE", "level": 4, "page": 54}, {"title": "ONSLAUGHT", "level": 4, "page": 54}, {"title": "MISSIONS", "level": 2, "page": 56}, {"title": "CREATE THE \nBATTLEFIELD", "level": 4, "page": 56}, {"title": "END THE BATTLE", "level": 4, "page": 56}, {"title": "OBJECTIVE MARKERS", "level": 2, "page": 57}, {"title": "Hints and Tips\n\n![57_image_0.png](57_image_0.png)\n\n\nOBJECTIVE MARKERS AND \nTERRAIN FEATURES", "level": 4, "page": 57}, {"title": "ONLY WAR MISSION", "level": 2, "page": 58}, {"title": "1 MUSTER ARMIES\n\n![58_image_1.png](58_image_1.png)\n\n", "level": 4, "page": 58}, {"title": "2 MISSION OBJECTIVES\n\n![58_image_2.png](58_image_2.png)\n\n", "level": 4, "page": 58}, {"title": "CAPTURE AND CONTROL", "level": 4, "page": 58}, {"title": "3 CREATE THE BATTLEFIELD\n\n![58_image_0.png](58_image_0.png)\n\n", "level": 4, "page": 58}, {"title": "4 DETERMINE ATTACKER \n\n![58_image_3.png](58_image_3.png)\n\n\nAND DEFENDER", "level": 4, "page": 58}, {"title": "7 DETERMINE FIRST TURN\n\n![59_image_3.png](59_image_3.png)\n\n", "level": 4, "page": 59}, {"title": "10 END THE BATTLE", "level": 4, "page": 59}, {"title": "11 DETERMINE VICTOR", "level": 4, "page": 59}]}